parcel,leased
410105100009.00000000,1
410105200029.00000000,1
410105300003.00000000,1
410106200015.00000000,1
410106200017.00000000,1
410106300005.00000000,1
410106300007.00000000,1
410106300008.00000000,1
410106400003.00000000,1
410107200008.00000000,1
410107400006.00000000,1
410108100003.00000000,1
410108100019.00000000,1
410108200016.00000000,1
410109100037.00000000,1
410110300007.00000000,1
410114100005.00000000,1
410114100008.00000000,1
410114100009.00000000,1
410114100016.00000000,1
410114300005.00000000,1
410115100004.00000000,1
410115100013.00000000,1
410115100017.00000000,1
410115200012.00000000,1
410115300003.00000000,1
410115300026.00000000,1
410115300045.00000000,1
410115400026.00000000,1
410115400029.00000000,1
410115400030.00000000,1
410115400031.00000000,1
410115400032.00000000,1
410115400033.00000000,1
410117100020.00000000,1
410117400013.00000000,1
410118100021.00000000,1
410118100022.00000000,1
410118200012.00000000,1
410118300020.00000000,1
410118300021.00000000,1
410118300024.00000000,1
410118400008.00000000,1
410119200001.00000000,1
410119376003.00000000,1
410120200001.00000000,1
410121100042.00000000,1
410121100042.00000000,1
410121100042.00000000,1
410121300020.00000000,1
410121300025.00000000,1
410121300025.00000000,1
410121300025.00000000,1
410128100006.00000000,1
410128100006.00000000,1
410130300005.00000000,1
410130300010.00000000,1
410131300033.00000000,1
410202300008.00000000,1
410301200003.00000000,1
410412100020.00000000,1
410420100003.00000000,1
410420100003.00000000,1
410420100003.00000000,1
410433300009.00000000,1
410433300009.00000000,1
410433400022.00000000,1
410433400022.00000000,1
410505300026.00000000,1
410505400004.00000000,1
410505400006.00000000,1
410506100003.00000000,1
410506100004.00000000,1
410506200007.00000000,1
410507300010.00000000,1
410508100022.00000000,1
410508100030.00000000,1
410508100033.00000000,1
410509100017.00000000,1
410509300002.00000000,1
410509300010.00000000,1
410509300011.00000000,1
410509300011.00000000,1
410509300011.00000000,1
410509400012.00000000,1
410509400019.00000000,1
410511300009.00000000,1
410517100014.00000000,1
410517100014.00000000,1
410517200030.00000000,1
410517300015.00000000,1
410518100005.00000000,1
410518200005.00000000,1
410519100002.00000000,1
410519226004.00000000,1
410519301001.00000000,1
410519301001.00000000,1
410519301002.00000000,1
410519376001.00000000,1
410520100019.00000000,1
410520400001.00000000,1
410520400001.00000000,1
410521400011.00000000,1
410529300002.00000000,1
410529300003.00000000,1
410529400002.00000000,1
410529400006.00000000,1
410530400010.00000000,1
410533100005.00000000,1
410533200002.00000000,1
410533300009.00000000,1
410533400048.00000000,1
410701300002.00000000,1
410704400016.00000000,1
410714200024.00000000,1
410715300008.00000000,1
410715300012.00000000,1
410716400003.00000000,1
410716400006.00000000,1
410721200006.00000000,1
410722100004.00000000,1
410722200005.00000000,1
410723100006.00000000,1
410723300008.00000000,1
410723400013.00000000,1
410724300005.00000000,1
410724400009.00000000,1
410724400009.00000000,1
410724400009.00000000,1
410724400018.00000000,1
410724400018.00000000,1
410724400018.00000000,1
410725100006.00000000,1
410725251001.00000000,1
410725251004.00000000,1
410725301004.00000000,1
410726100003.00000000,1
410726100019.00000000,1
410726100024.00000000,1
410726100025.00000000,1
410726200030.00000000,1
410726200036.00000000,1
410726200037.00000000,1
410726300005.00000000,1
410726300007.00000000,1
410726400040.00000000,1
410726400062.00000000,1
410735300012.00000000,1
410735375001.00000000,1
410802100035.00000000,1
410802100061.00000000,1
410803100004.00000000,1
410803100004.00000000,1
410803100011.00000000,1
410803100019.00000000,1
410803100024.00000000,1
410803100029.00000000,1
410803200044.00000000,1
410803200048.00000000,1
410803200049.00000000,1
410803200049.00000000,1
410803200085.00000000,1
410803200085.00000000,1
410803300070.00000000,1
410803476003.00000000,1
410803476003.00000000,1
410804100010.00000000,1
410804100010.00000000,1
410804200001.00000000,1
410804200001.00000000,1
410804200002.00000000,1
410804200002.00000000,1
410804200010.00000000,1
410804200010.00000000,1
410804300022.00000000,1
410804400013.00000000,1
410804400013.00000000,1
410805100024.00000000,1
410805200010.00000000,1
410805200010.00000000,1
410805200018.00000000,1
410805200018.00000000,1
410805200024.00000000,1
410805300017.00000000,1
410805300017.00000000,1
410805300023.00000000,1
410806100008.00000000,1
410806100016.00000000,1
410806100017.00000000,1
410806100017.00000000,1
410806100018.00000000,1
410806100018.00000000,1
410806100018.00000000,1
410806100022.00000000,1
410806100022.00000000,1
410806100023.00000000,1
410806100023.00000000,1
410806300012.00000000,1
410806300012.00000000,1
410806300013.00000000,1
410806427017.00000000,1
410807200022.00000000,1
410807200022.00000000,1
410807400023.00000000,1
410808351006.00000000,1
410808351006.00000000,1
410808351007.00000000,1
410808351007.00000000,1
410808376002.00000000,1
410809200003.00000000,1
410809200003.00000000,1
410809200018.00000000,1
410809200018.00000000,1
410809200025.00000000,1
410810100054.00000000,1
410810200002.00000000,1
410810200002.00000000,1
410810200010.00000000,1
410810200010.00000000,1
410810200025.00000000,1
410811151011.00000000,1
410811151011.00000000,1
410811276011.00000000,1
410811401002.00000000,1
410811401002.00000000,1
410811426001.00000000,1
410811426001.00000000,1
410812100011.00000000,1
410812100011.00000000,1
410812100034.00000000,1
410812100034.00000000,1
410812100035.00000000,1
410812100035.00000000,1
410812300004.00000000,1
410812300004.00000000,1
410812300010.00000000,1
410812300010.00000000,1
410812300013.00000000,1
410812300013.00000000,1
410812400027.00000000,1
410814202013.00000000,1
410814202014.00000000,1
410814227007.00000000,1
410815100031.00000000,1
410815200029.00000000,1
410816276001.00000000,1
410816276001.00000000,1
410816300016.00000000,1
410816300016.00000000,1
410816300018.00000000,1
410816400002.00000000,1
410817100026.00000000,1
410817100026.00000000,1
410817351003.00000000,1
410817400001.00000000,1
410817400001.00000000,1
410817400002.00000000,1
410817400002.00000000,1
410819100001.00000000,1
410819100004.00000000,1
410819300028.00000000,1
410819300028.00000000,1
410819400001.00000000,1
410819400001.00000000,1
410819400001.00000000,1
410819400011.00000000,1
410819400011.00000000,1
410819400011.00000000,1
410819400011.00000000,1
410820200004.00000000,1
410820200004.00000000,1
410820200007.00000000,1
410820200007.00000000,1
410820300006.00000000,1
410820300006.00000000,1
410820300009.00000000,1
410820300009.00000000,1
410820400027.00000000,1
410820400027.00000000,1
410821100006.00000000,1
410821100006.00000000,1
410821100020.00000000,1
410821100020.00000000,1
410821200031.00000000,1
410821300005.00000000,1
410821300007.00000000,1
410821300008.00000000,1
410821300008.00000000,1
410821400001.00000000,1
410821400001.00000000,1
410821400005.00000000,1
410822100037.00000000,1
410822100038.00000000,1
410822300018.00000000,1
410823300017.00000000,1
410823300017.00000000,1
410825100002.00000000,1
410825100003.00000000,1
410825100003.00000000,1
410825200014.00000000,1
410825200014.00000000,1
410825300001.00000000,1
410825300003.00000000,1
410826200010.00000000,1
410826200017.00000000,1
410826300010.00000000,1
410826300010.00000000,1
410826400003.00000000,1
410826400007.00000000,1
410826400007.00000000,1
410827376003.00000000,1
410827400006.00000000,1
410827400007.00000000,1
410827400019.00000000,1
410827400023.00000000,1
410827400026.00000000,1
410827400027.00000000,1
410828100001.00000000,1
410828100001.00000000,1
410828100005.00000000,1
410828100005.00000000,1
410828200009.00000000,1
410828200009.00000000,1
410828200010.00000000,1
410828200011.00000000,1
410828376010.00000000,1
410828376010.00000000,1
410828376010.00000000,1
410828376010.00000000,1
410828451013.00000000,1
410829100003.00000000,1
410829100003.00000000,1
410829100035.00000000,1
410829100037.00000000,1
410829200010.00000000,1
410829200016.00000000,1
410829200016.00000000,1
410829200017.00000000,1
410829200017.00000000,1
410829301001.00000000,1
410829301001.00000000,1
410829301001.00000000,1
410829326002.00000000,1
410829326002.00000000,1
410829326003.00000000,1
410829400003.00000000,1
410830100006.00000000,1
410830100006.00000000,1
410830100006.00000000,1
410830200002.00000000,1
410830200002.00000000,1
410830200002.00000000,1
410830200007.00000000,1
410830200007.00000000,1
410830200008.00000000,1
410830300007.00000000,1
410830400003.00000000,1
410830400003.00000000,1
410831100002.00000000,1
410831100002.00000000,1
410831100002.00000000,1
410831100005.00000000,1
410831100005.00000000,1
410831100007.00000000,1
410831100007.00000000,1
410831301020.00000000,1
410831301020.00000000,1
410831301020.00000000,1
410831326007.00000000,1
410831326007.00000000,1
410832200017.00000000,1
410832200020.00000000,1
410832200020.00000000,1
410832200020.00000000,1
410832200020.00000000,1
410832300004.00000000,1
410832300004.00000000,1
410833100001.00000000,1
410833100001.00000000,1
410833100001.00000000,1
410833100001.00000000,1
410833100002.00000000,1
410833100002.00000000,1
410833100002.00000000,1
410833100002.00000000,1
410833100004.00000000,1
410833100004.00000000,1
410833100004.00000000,1
410833100004.00000000,1
410833100005.00000000,1
410833100005.00000000,1
410834102005.00000000,1
410834201009.00000000,1
410834201009.00000000,1
410834201010.00000000,1
410834201010.00000000,1
410834277008.00000000,1
410834277008.00000000,1
410834277010.00000000,1
410834277010.00000000,1
410834277011.00000000,1
410834277011.00000000,1
410834300036.00000000,1
410834300043.00000000,1
410834300045.00000000,1
410835100022.00000000,1
410835100023.00000000,1
410835200002.00000000,1
410835200002.00000000,1
410835200009.00000000,1
410835200009.00000000,1
410835300033.00000000,1
410835400013.00000000,1
410835400013.00000000,1
410835400014.00000000,1
410835400014.00000000,1
410835400016.00000000,1
410836100002.00000000,1
410836100004.00000000,1
410836100005.00000000,1
410906100011.00000000,1
410907200002.00000000,1
410908400008.00000000,1
410908400008.00000000,1
410908400008.00000000,1
410918300002.00000000,1
410918300002.00000000,1
410918300002.00000000,1
410918300005.00000000,1
410918300005.00000000,1
410918300005.00000000,1
410918300006.00000000,1
410918300006.00000000,1
410918400025.00000000,1
410918400025.00000000,1
410930300010.00000000,1
410931100002.00000000,1
410931100002.00000000,1
410931100002.00000000,1
410931100002.00000000,1
410931400002.00000000,1
410931400002.00000000,1
410931400002.00000000,1
410931400006.00000000,1
410931400006.00000000,1
410931400006.00000000,1
410933100026.00000000,1
410933100026.00000000,1
411024300016.00000000,1
411024401015.00000000,1
411025200012.00000000,1
411025200012.00000000,1
411101200043.00000000,1
411101400023.00000000,1
411112200018.00000000,1
411112400030.00000000,1
411112400031.00000000,1
411112400033.00000000,1
411112400034.00000000,1
411112400035.00000000,1
411113400041.00000000,1
411119400022.00000000,1
411119400026.00000000,1
411119400030.00000000,1
411119400031.00000000,1
411120426031.00000000,1
411126300013.00000000,1
411126400016.00000000,1
411132226006.00000000,1
411136451010.00000000,1
411136451017.00000000,1
411201200017.00000000,1
411201200017.00000000,1
411201200021.00000000,1
411201200021.00000000,1
411201200022.00000000,1
411201300017.00000000,1
411201300017.00000000,1
411201400018.00000000,1
411201400018.00000000,1
411202100006.00000000,1
411202100006.00000000,1
411202200001.00000000,1
411202200011.00000000,1
411202200012.00000000,1
411202200013.00000000,1
411202200014.00000000,1
411202200014.00000000,1
411202300001.00000000,1
411202300001.00000000,1
411202300007.00000000,1
411202400004.00000000,1
411202400004.00000000,1
411202400007.00000000,1
411202400007.00000000,1
411203101002.00000000,1
411203101002.00000000,1
411203126006.00000000,1
411203126006.00000000,1
411203200015.00000000,1
411203200015.00000000,1
411203200016.00000000,1
411203200016.00000000,1
411203401001.00000000,1
411203401001.00000000,1
411203426001.00000000,1
411203426001.00000000,1
411203426003.00000000,1
411203426003.00000000,1
411204200039.00000000,1
411204200039.00000000,1
411204300005.00000000,1
411204300005.00000000,1
411204400037.00000000,1
411205100006.00000000,1
411205100006.00000000,1
411205100021.00000000,1
411205100021.00000000,1
411205200023.00000000,1
411206300011.00000000,1
411206300018.00000000,1
411206300029.00000000,1
411206300036.00000000,1
411206300039.00000000,1
411206300042.00000000,1
411206300045.00000000,1
411206300046.00000000,1
411207126002.00000000,1
411207151001.00000000,1
411207200015.00000000,1
411207300003.00000000,1
411207300006.00000000,1
411207300013.00000000,1
411207400003.00000000,1
411207400009.00000000,1
411207400019.00000000,1
411207400030.00000000,1
411207400030.00000000,1
411208400007.00000000,1
411208400007.00000000,1
411209100003.00000000,1
411209100004.00000000,1
411209200007.00000000,1
411209200007.00000000,1
411209400012.00000000,1
411209400012.00000000,1
411210280002.00000000,1
411210280002.00000000,1
411211100019.00000000,1
411211300011.00000000,1
411211300011.00000000,1
411212100004.00000000,1
411212100004.00000000,1
411212100005.00000000,1
411212100007.00000000,1
411212200001.00000000,1
411212200003.00000000,1
411212200003.00000000,1
411213400011.00000000,1
411213400020.00000000,1
411213400020.00000000,1
411213400021.00000000,1
411214200025.00000000,1
411214200025.00000000,1
411217100005.00000000,1
411217300005.00000000,1
411217300008.00000000,1
411218100004.00000000,1
411218100027.00000000,1
411218100027.00000000,1
411218100034.00000000,1
411218200001.00000000,1
411218200010.00000000,1
411218200010.00000000,1
411218200010.00000000,1
411218200011.00000000,1
411219100025.00000000,1
411220100002.00000000,1
411220100023.00000000,1
411220300008.00000000,1
411220300008.00000000,1
411221100026.00000000,1
411221200009.00000000,1
411222400009.00000000,1
411222400009.00000000,1
411224200022.00000000,1
411224200024.00000000,1
411224300012.00000000,1
411224300012.00000000,1
411224300012.00000000,1
411224400002.00000000,1
411224400003.00000000,1
411225100005.00000000,1
411225100005.00000000,1
411225100005.00000000,1
411225100006.00000000,1
411225100006.00000000,1
411225100009.00000000,1
411225200008.00000000,1
411225200010.00000000,1
411225300005.00000000,1
411225300006.00000000,1
411225300008.00000000,1
411225400001.00000000,1
411225400002.00000000,1
411225400003.00000000,1
411226300002.00000000,1
411226300011.00000000,1
411227100016.00000000,1
411227100017.00000000,1
411227200002.00000000,1
411227200010.00000000,1
411227200010.00000000,1
411227300006.00000000,1
411227300013.00000000,1
411227300016.00000000,1
411227300016.00000000,1
411227300016.00000000,1
411227400005.00000000,1
411228400009.00000000,1
411229202028.00000000,1
411229300026.00000000,1
411229300031.00000000,1
411229300033.00000000,1
411229300035.00000000,1
411229401005.00000000,1
411229451007.00000000,1
411230400004.00000000,1
411230400009.00000000,1
411231400026.00000000,1
411231400038.00000000,1
411231400038.00000000,1
411231400039.00000000,1
411231400039.00000000,1
411232200006.00000000,1
411232300009.00000000,1
411232300009.00000000,1
411232400021.00000000,1
411232400022.00000000,1
411233101010.00000000,1
411233101016.00000000,1
411233101021.00000000,1
411233101021.00000000,1
411233101024.00000000,1
411233201004.00000000,1
411233202011.00000000,1
411233202011.00000000,1
411233227008.00000000,1
411233227010.00000000,1
411233227021.00000000,1
411233276010.00000000,1
411233301058.00000000,1
411234126001.00000000,1
411234126001.00000000,1
411234126005.00000000,1
411234200008.00000000,1
411234200009.00000000,1
411234200014.00000000,1
411234200014.00000000,1
411234200033.00000000,1
411234200034.00000000,1
411234200035.00000000,1
411234200036.00000000,1
411234200037.00000000,1
411234400021.00000000,1
411234400023.00000000,1
411235100003.00000000,1
411235100007.00000000,1
411235200003.00000000,1
411235200007.00000000,1
411235400008.00000000,1
411236100001.00000000,1
411236100003.00000000,1
411236100005.00000000,1
411236200001.00000000,1
411236200002.00000000,1
411236300009.00000000,1
411236300010.00000000,1
411236300011.00000000,1
411236300016.00000000,1
411236400025.00000000,1
411236400030.00000000,1
411330300001.00000000,1
411330300012.00000000,1
411411101036.00000000,1
411501100001.00000000,1
411502100005.00000000,1
411502400003.00000000,1
411503200002.00000000,1
411526300031.00000000,1
411526400022.00000000,1
411528477031.00000000,1
411528477035.00000000,1
411528477035.00000000,1
411601100009.00000000,1
411601100013.00000000,1
411601100015.00000000,1
411601100021.00000000,1
411601300004.00000000,1
411601400013.00000000,1
411601400014.00000000,1
411602100008.00000000,1
411602100008.00000000,1
411602100009.00000000,1
411602100012.00000000,1
411602100015.00000000,1
411602200002.00000000,1
411602300026.00000000,1
411602300028.00000000,1
411602300029.00000000,1
411602400006.00000000,1
411603200004.00000000,1
411603400016.00000000,1
411603400039.00000000,1
411605300004.00000000,1
411605400001.00000000,1
411605400003.00000000,1
411606100001.00000000,1
411607100006.00000000,1
411607200005.00000000,1
411607400008.00000000,1
411609300001.00000000,1
411610100004.00000000,1
411610100006.00000000,1
411610100012.00000000,1
411610200027.00000000,1
411610200027.00000000,1
411610200027.00000000,1
411610200027.00000000,1
411610300008.00000000,1
411611100034.00000000,1
411611100041.00000000,1
411611100042.00000000,1
411611200011.00000000,1
411611200012.00000000,1
411611300012.00000000,1
411611300017.00000000,1
411611300041.00000000,1
411611400012.00000000,1
411611400013.00000000,1
411611400015.00000000,1
411612100009.00000000,1
411612200006.00000000,1
411612400003.00000000,1
411613100017.00000000,1
411613200001.00000000,1
411613300008.00000000,1
411613300012.00000000,1
411614200006.00000000,1
411614400002.00000000,1
411615101005.00000000,1
411615101006.00000000,1
411615300020.00000000,1
411615300021.00000000,1
411619100016.00000000,1
411619200007.00000000,1
411621200020.00000000,1
411621400007.00000000,1
411622100042.00000000,1
411622100045.00000000,1
411622100046.00000000,1
411622100047.00000000,1
411622100048.00000000,1
411622100049.00000000,1
411622100050.00000000,1
411622100051.00000000,1
411622100052.00000000,1
411624100020.00000000,1
411627300017.00000000,1
411627400049.00000000,1
411627400050.00000000,1
411627400051.00000000,1
411627400057.00000000,1
411627400058.00000000,1
411627400059.00000000,1
411627400061.00000000,1
411628100009.00000000,1
411628100009.00000000,1
411628100018.00000000,1
411628100026.00000000,1
411628300031.00000000,1
411629100003.00000000,1
411629300018.00000000,1
411629400040.00000000,1
411629400041.00000000,1
411632100008.00000000,1
411634100017.00000000,1
411634100019.00000000,1
411634100020.00000000,1
411634100022.00000000,1
411634100024.00000000,1
411634100026.00000000,1
411634100028.00000000,1
411634100029.00000000,1
411634100030.00000000,1
411634401002.00000000,1
412014100072.00000000,1
412014100072.00000000,1
412014100072.00000000,1
412019300003.00000000,1
412022400005.00000000,1
412022400006.00000000,1
412022400006.00000000,1
412022400006.00000000,1
412022400007.00000000,1
412023300015.00000000,1
412023300015.00000000,1
412023300016.00000000,1
412023300016.00000000,1
412023300017.00000000,1
412023300017.00000000,1
412024200005.00000000,1
412024200005.00000000,1
412024200005.00000000,1
412024200006.00000000,1
412024200006.00000000,1
412024200006.00000000,1
412024200007.00000000,1
412024200007.00000000,1
412024200007.00000000,1
412024400004.00000000,1
412024400004.00000000,1
412024400008.00000000,1
412024400008.00000000,1
412025100001.00000000,1
412025100001.00000000,1
412025100001.00000000,1
412025200003.00000000,1
412025200003.00000000,1
412025300005.00000000,1
412025300006.00000000,1
412025300006.00000000,1
412026100004.00000000,1
412026100004.00000000,1
412026100008.00000000,1
412026100008.00000000,1
412026200009.00000000,1
412026300001.00000000,1
412026300005.00000000,1
412026300005.00000000,1
412026400001.00000000,1
412026400002.00000000,1
412026400006.00000000,1
412026400009.00000000,1
412026400009.00000000,1
412027200002.00000000,1
412027200002.00000000,1
412027400004.00000000,1
412028200007.00000000,1
412028200007.00000000,1
412028200007.00000000,1
412029100018.00000000,1
412029100018.00000000,1
412029100018.00000000,1
412030100010.00000000,1
412030100010.00000000,1
412030100011.00000000,1
412030100012.00000000,1
412030100016.00000000,1
412030200011.00000000,1
412033301002.00000000,1
412034200003.00000000,1
412034200010.00000000,1
412035200002.00000000,1
412035200008.00000000,1
412035300002.00000000,1
412035300002.00000000,1
412035400004.00000000,1
412036100013.00000000,1
412036200008.00000000,1
412036200008.00000000,1
412036300014.00000000,1
412036300015.00000000,1
412036400004.00000000,1
412103200007.00000000,1
412110300009.00000000,1
412119400001.00000000,1
412123176002.00000000,1
412123176002.00000000,1
412123300012.00000000,1
412123300012.00000000,1
412123300014.00000000,1
412123300016.00000000,1
412123300016.00000000,1
412126100011.00000000,1
412126400011.00000000,1
412126400011.00000000,1
412127200027.00000000,1
412127200027.00000000,1
412127400024.00000000,1
412127400025.00000000,1
412127400025.00000000,1
412127400026.00000000,1
412127400026.00000000,1
412127400027.00000000,1
412128200032.00000000,1
412128300011.00000000,1
412128400003.00000000,1
412128400024.00000000,1
412130200001.00000000,1
412130300007.00000000,1
412133200007.00000000,1
412133200009.00000000,1
412133200010.00000000,1
412133200020.00000000,1
412133200029.00000000,1
412133400016.00000000,1
412133400016.00000000,1
412133400022.00000000,1
412133400024.00000000,1
412133503002.00000000,1
412134100006.00000000,1
412134300014.00000000,1
412134300014.00000000,1
412202100051.00000000,1
412202200016.00000000,1
412210126002.00000000,1
412210400008.00000000,1
412211451007.00000000,1
412213100013.00000000,1
412213100023.00000000,1
412213100024.00000000,1
412213300004.00000000,1
412213300004.00000000,1
412213400005.00000000,1
412213400007.00000000,1
412213400009.00000000,1
412213400011.00000000,1
412213400016.00000000,1
412214100022.00000000,1
412214100027.00000000,1
412214100031.00000000,1
412214200019.00000000,1
412214200024.00000000,1
412214200025.00000000,1
412214200026.00000000,1
412214300013.00000000,1
412214300018.00000000,1
412214300019.00000000,1
412214300035.00000000,1
412214300036.00000000,1
412214400007.00000000,1
412215100020.00000000,1
412215200017.00000000,1
412215300001.00000000,1
412216100005.00000000,1
412216100006.00000000,1
412216200002.00000000,1
412216200015.00000000,1
412216400031.00000000,1
412217100037.00000000,1
412217100047.00000000,1
412217200048.00000000,1
412217226006.00000000,1
412220300004.00000000,1
412220300022.00000000,1
412220400001.00000000,1
412221100012.00000000,1
412221300020.00000000,1
412221300025.00000000,1
412221300026.00000000,1
412221300032.00000000,1
412222200011.00000000,1
412222200033.00000000,1
412222300003.00000000,1
412222400010.00000000,1
412223100005.00000000,1
412223100005.00000000,1
412223100006.00000000,1
412223100006.00000000,1
412223100008.00000000,1
412224100016.00000000,1
412224100016.00000000,1
412224200021.00000000,1
412224200029.00000000,1
412224200036.00000000,1
412224200037.00000000,1
412224200038.00000000,1
412224200039.00000000,1
412224200040.00000000,1
412224300011.00000000,1
412224400015.00000000,1
412224400017.00000000,1
412224400019.00000000,1
412224400020.00000000,1
412224400021.00000000,1
412224400022.00000000,1
412225100002.00000000,1
412225100004.00000000,1
412225200002.00000000,1
412225200011.00000000,1
412225200015.00000000,1
412225200016.00000000,1
412225200019.00000000,1
412225200020.00000000,1
412225200021.00000000,1
412225300009.00000000,1
412225300009.00000000,1
412225300017.00000000,1
412225300017.00000000,1
412225300019.00000000,1
412226200026.00000000,1
412227126002.00000000,1
412227200031.00000000,1
412227300004.00000000,1
412227300007.00000000,1
412227400013.00000000,1
412228100026.00000000,1
412228300004.00000000,1
412228400010.00000000,1
412228400011.00000000,1
412229200036.00000000,1
412229200040.00000000,1
412233100022.00000000,1
412233200002.00000000,1
412233200005.00000000,1
412233200006.00000000,1
412233400002.00000000,1
412233400003.00000000,1
412234100021.00000000,1
412234100022.00000000,1
412235400014.00000000,1
412236100007.00000000,1
412236100007.00000000,1
412236200015.00000000,1
412236200019.00000000,1
412236200019.00000000,1
412236300021.00000000,1
412236400003.00000000,1
412236400011.00000000,1
412236400011.00000000,1
412313400019.00000000,1
412316302002.00000000,1
412316401001.00000000,1
412318101002.00000000,1
412318101011.00000000,1
412318127005.00000000,1
412318201004.00000000,1
412318226001.00000000,1
412318226002.00000000,1
412318300014.00000000,1
412318300041.00000000,1
412318401001.00000000,1
412318451001.00000000,1
412319100008.00000000,1
412319100009.00000000,1
412319100016.00000000,1
412319100017.00000000,1
412319100018.00000000,1
412319100019.00000000,1
412319200003.00000000,1
412319200005.00000000,1
412319200016.00000000,1
412319200017.00000000,1
412319200018.00000000,1
412319300021.00000000,1
412319300023.00000000,1
412319400004.00000000,1
412319400013.00000000,1
412319400016.00000000,1
412319400020.00000000,1
412319400023.00000000,1
412319400027.00000000,1
412319400033.00000000,1
412319400036.00000000,1
412319400036.00000000,1
412319400042.00000000,1
412319400043.00000000,1
412319400046.00000000,1
412319400054.00000000,1
412320100001.00000000,1
412320100012.00000000,1
412320100012.00000000,1
412320100015.00000000,1
412320100017.00000000,1
412320100018.00000000,1
412320100020.00000000,1
412320100021.00000000,1
412320100023.00000000,1
412320300005.00000000,1
412320300017.00000000,1
412320300025.00000000,1
412321300001.00000000,1
412321300002.00000000,1
412322300009.00000000,1
412323400014.00000000,1
412323400018.00000000,1
412324276009.00000000,1
412324300003.00000000,1
412324300004.00000000,1
412324300005.00000000,1
412324400003.00000000,1
412325100002.00000000,1
412325100003.00000000,1
412325300002.00000000,1
412325300003.00000000,1
412325400001.00000000,1
412326200003.00000000,1
412326200004.00000000,1
412326400013.00000000,1
412328100005.00000000,1
412328100006.00000000,1
412328300012.00000000,1
412328400001.00000000,1
412328400006.00000000,1
412328400007.00000000,1
412330100004.00000000,1
412330226001.00000000,1
412330300002.00000000,1
412330400017.00000000,1
412331100033.00000000,1
412331100033.00000000,1
412331201004.00000000,1
412331300037.00000000,1
412331300045.00000000,1
412332101004.00000000,1
412332400002.00000000,1
412332400007.00000000,1
412332400010.00000000,1
412333100004.00000000,1
412333200005.00000000,1
412333200006.00000000,1
412333200007.00000000,1
412333300002.00000000,1
412333300004.00000000,1
412333300004.00000000,1
412334100024.00000000,1
412334100025.00000000,1
412334100036.00000000,1
412334100037.00000000,1
412334100044.00000000,1
412334100045.00000000,1
412336100001.00000000,1
412402100001.00000000,1
412402100001.00000000,1
412402100002.00000000,1
412402100006.00000000,1
412402300004.00000000,1
412402300017.00000000,1
412402300028.00000000,1
412402400010.00000000,1
412402400011.00000000,1
412403100029.00000000,1
412403200001.00000000,1
412403200001.00000000,1
412403200003.00000000,1
412403200003.00000000,1
412403300006.00000000,1
412403400004.00000000,1
412403400023.00000000,1
412404300005.00000000,1
412404300005.00000000,1
412405400003.00000000,1
412405400008.00000000,1
412407100021.00000000,1
412407100052.00000000,1
412408300006.00000000,1
412408300007.00000000,1
412408300008.00000000,1
412408400006.00000000,1
412409100008.00000000,1
412409100008.00000000,1
412409100008.00000000,1
412409300021.00000000,1
412409400001.00000000,1
412409400015.00000000,1
412410100011.00000000,1
412410200010.00000000,1
412410200024.00000000,1
412410200025.00000000,1
412410300002.00000000,1
412410300008.00000000,1
412410400002.00000000,1
412410400005.00000000,1
412410400011.00000000,1
412411300002.00000000,1
412411300004.00000000,1
412412400009.00000000,1
412412400009.00000000,1
412412400010.00000000,1
412412400010.00000000,1
412413100004.00000000,1
412413200011.00000000,1
412413200012.00000000,1
412413300010.00000000,1
412413300012.00000000,1
412414100005.00000000,1
412414200001.00000000,1
412414200010.00000000,1
412414200011.00000000,1
412414300001.00000000,1
412414300010.00000000,1
412414400004.00000000,1
412414400004.00000000,1
412414400004.00000000,1
412415100003.00000000,1
412415100004.00000000,1
412415100005.00000000,1
412415200003.00000000,1
412415200004.00000000,1
412415400007.00000000,1
412416100015.00000000,1
412416100023.00000000,1
412416200012.00000000,1
412416400011.00000000,1
412417100001.00000000,1
412417100006.00000000,1
412417100007.00000000,1
412417200006.00000000,1
412417200008.00000000,1
412418100008.00000000,1
412418200010.00000000,1
412419200003.00000000,1
412419200004.00000000,1
412419200007.00000000,1
412419300002.00000000,1
412419400002.00000000,1
412420200001.00000000,1
412420200002.00000000,1
412420300001.00000000,1
412420400001.00000000,1
412421100010.00000000,1
412421300001.00000000,1
412421400005.00000000,1
412422200002.00000000,1
412422200006.00000000,1
412422200007.00000000,1
412422300003.00000000,1
412422300006.00000000,1
412422400005.00000000,1
412422400008.00000000,1
412423100002.00000000,1
412423100009.00000000,1
412423200016.00000000,1
412423200017.00000000,1
412423300008.00000000,1
412423300008.00000000,1
412423300014.00000000,1
412423300014.00000000,1
412424100036.00000000,1
412424200014.00000000,1
412424200014.00000000,1
412424200016.00000000,1
412424200016.00000000,1
412424300002.00000000,1
412424300003.00000000,1
412424400002.00000000,1
412424400002.00000000,1
412424400024.00000000,1
412424400024.00000000,1
412426200002.00000000,1
412426200003.00000000,1
412426200004.00000000,1
412426200005.00000000,1
412426300003.00000000,1
412426400001.00000000,1
412426400010.00000000,1
412427100009.00000000,1
412427200002.00000000,1
412427200010.00000000,1
412427200010.00000000,1
412427200011.00000000,1
412427200011.00000000,1
412427300001.00000000,1
412427300003.00000000,1
412427400005.00000000,1
412428100003.00000000,1
412428200001.00000000,1
412428200003.00000000,1
412428200006.00000000,1
412428300012.00000000,1
412428300014.00000000,1
412428400002.00000000,1
412429451001.00000000,1
412430100003.00000000,1
412430100022.00000000,1
412430201001.00000000,1
412431400001.00000000,1
412431400004.00000000,1
412432300001.00000000,1
412432300006.00000000,1
412432400001.00000000,1
412433100005.00000000,1
412433200003.00000000,1
412433200007.00000000,1
412433200009.00000000,1
412434101004.00000000,1
412434200001.00000000,1
412434400015.00000000,1
412436200008.00000000,1
412436200008.00000000,1
412436300026.00000000,1
412436300026.00000000,1
412436400020.00000000,1
412436400020.00000000,1
412436400022.00000000,1
412436400022.00000000,1
412436400023.00000000,1
412436400023.00000000,1
412436400024.00000000,1
412436400024.00000000,1
412436400025.00000000,1
412436400025.00000000,1
441213400016.00000000,1
